{"schemaVersion":"1.0","appDefinitionTemplate":{"id":"/providers/Microsoft.PowerApps/apps/","type":"Microsoft.PowerApps/apps","tags":{"primaryDeviceWidth":"1920","primaryDeviceHeight":"1080","supportsPortrait":"true","supportsLandscape":"true","primaryFormFactor":"Tablet","publisherVersion":"3.25043.10","minimumRequiredApiVersion":"2.2.0","hasComponent":"true","hasUnlockedComponent":"true","isUnifiedRootApp":"false","sienaVersion":"20250502T160218Z-3.25043.10.0","showStatusBar":"false","offlineLargeFilesSupport":"false"},"properties":{"appVersion":"2025-05-02T16:02:18Z","lifeCycleId":"Published","createdByClientVersion":{"major":3,"minor":25043,"build":10,"revision":0,"majorRevision":0,"minorRevision":0},"minClientVersion":{"major":3,"minor":25043,"build":10,"revision":0,"majorRevision":0,"minorRevision":0},"backgroundColor":"rgba(255, 255, 255, 1)","backgroundImageUri":"/3764257131682882151/N43636f26-e6b2-408a-bc26-c9ff3325b775-logoSmallFile","displayName":"UGG 360 - Agent Surface [Dev - ONT Sync] - copy","description":"","commitMessage":"","appUris":{"documentUri":{"value":"/3764257131682882151/N9b5227a2-ed5b-4a04-81e4-d494232b1185-document.msapp"},"imageUris":[],"additionalUris":[{"isSolutionAware":false,"value":"/3764257131682882151/N9bef945a-1ae9-45d1-9aca-cda0d1cfdd63-identity.json"}]},"createdTime":"0001-01-01T00:00:00Z","lastModifiedTime":"0001-01-01T00:00:00Z","sharedGroupsCount":0,"sharedUsersCount":0,"connectionReferences":{},"databaseReferences":{"default.cds":{"databaseDetails":{"referenceType":"Environmental","environmentName":"default.cds","overrideValues":{"status":"NotSpecified"}},"dataSources":{},"components":[{"componentName":"CustomControl","identifier":"raw_RAW.CanvasFileDownloader","identifierType":"LogicalName","capabilities":{"pcfExternalServiceUsageAllowed":false}},{"componentName":"CustomControl","identifier":"raw_RAW.CanvasFileDownloader","identifierType":"LogicalName","capabilities":{"pcfExternalServiceUsageAllowed":false}}]}},"almMode":"Environment","performanceOptimizationEnabled":true,"canConsumeAppPass":true,"enableModernRuntimeMode":false,"executionRestrictions":{"isTeamsOnly":false,"dataLossPreventionEvaluationResult":{"status":"Compliant","lastEvaluationDate":"2025-05-02T10:59:59.400813Z","violations":[],"violationsByPolicy":[],"violationErrorMessage":"The app uses the following connectors: shared_logicflows, shared_conversionservice, shared_sql, shared_sendgrid, shared_office365users, shared_commondataservice."},"httpActionRestriction":{"appUsesSharepointHttpAction":false,"enforcementStrategy":"Legacy","evaluationTime":"2025-05-02T10:59:59.4003859Z"}}},"isAppComponentLibrary":false,"appType":"ClassicCanvasApp","appComponents":[]}}