{"__Version":"0.1","App":"52acc165-06b6-4da6-86ec-5575f450442a","Test_7F478737223C4B69":"e2a6ee10-3757-452f-8169-9720d5de8b89","Host":"4fe3e1dd-8914-411c-8585-c53cb9181bb8","Notification":"3a222627-7d17-4738-b336-fb932f2792cc","cont_Notification":"b3d92ceb-b0ca-4cad-ae73-aa99f7aecf59","bt_Notification_Background":"6b911bb3-5996-4155-8a4d-9d88a8b27311","img_Notification_Type":"3a68a1c1-aca8-4d83-a9a1-a7445d41361d","lbl_Notification_Title":"91be27d1-0698-4cdc-b141-b7c5eb29da55","lbl_Notification_Message":"55ddd003-d0d8-41d8-9793-a6039cd747c7","bt_Notification_Type":"dd16432b-4164-4601-a3f8-c2d01be20c74","Loader":"5b8c7121-bd28-4cf9-b1a5-c562754fb54a","bt_load_Background":"bd35c50a-4eb7-4c15-ae5f-e3f2baa591c7","lbl_load_Processing":"fd2128da-612f-44de-b839-f7d83f4bf238","img_load_Loading":"5822effe-2614-4e0c-aa68-f7d089589403","Header":"15f448b7-105d-42f0-9a4d-b3d79897e736","cont_header_flex":"32bb0c9a-7891-43e2-a4fa-1e2edb3968f5","cont_header_static":"eadf8e8d-1ff2-4697-b764-cce9c7ef7edf","img_header_logo":"8a3b8e9a-4b61-44eb-b36d-0ca2971f59ab","bt_header_logo":"4335844c-57ae-4627-8e1e-e77d4e315820","lbl_header_user":"1cf3fdb9-cad5-41f1-9edc-1b2f625bfdfe","img_header_user":"d08e7aea-27b1-4dc7-8049-f5d9aad43986","img_header_ger":"4b166edf-b400-42ec-845b-bd38863ec257","bt_header_ger":"b0b5a9c0-fe0a-4f2c-a4a7-df80dbce1b8c","img_header_eng":"cd9c4707-c839-435b-b665-5871d3733d07","bt_header_eng":"6ec2f15b-1a88-4053-83ed-0a79ae7978dd","DOMA_Docs":"f9d13722-76fd-4e09-bcde-9752034a7483","cont_DOMA_Docs":"ff587dd9-37b8-4157-917b-db37031d5db5","lbl_Doma_Title":"5e28c1ba-d85b-4681-8dc0-c03e4e7efec8","gal_DOMA":"9eb9a7dc-36c1-4266-9cea-39990acf8fd7","galleryTemplate7_2":"61c57264-7d94-49e2-a078-5b15eab2db42","bt_bg_Doma":"cf13eaf0-aa32-4caf-9bba-8e05be739c7e","lbl_Doma_ID":"46af5c72-a1cf-4205-805c-6a75498f0fbe","lbl_Doma_ID_value":"b71ed99e-7455-4e7d-85d8-5072428f427d","lbl_Doma_Name":"2ee8e2c0-f0b8-4e89-866c-ff78189a6e1d","lbl_Doma_Name_value":"232e6a40-9350-456f-a397-ff68a38c528d","lbl_Doma_Parent":"abc2f8ef-7661-4161-96ac-4047ee9dc446","lbl_Doma_Parent_value":"5d342f4a-7412-4411-b05b-182219565f68","lbl_Doma_Path":"144b831a-5a4c-40d0-bce8-f38a2b7585f0","lbl_Doma_Path_value":"a318ad2c-cd07-47e5-8eb7-a581bcdda20c","lbl_Doma_Type":"717489fc-d762-44a8-9c0b-3e11847e0e5a","lbl_Doma_Type_value":"9cb99352-990f-438e-a0f6-f306daa758b2","bt_bg_Doma_Click":"13d3e190-92de-40fa-bcaa-54102f48747c","ret_Doma_ID":"7f59b62a-ac1f-4efe-8da5-061cdb8c1be7","ret_Doma_Name":"849de164-7f39-4a8f-b668-ad370f55b9bd","ret_Doma_Parent":"c82a09c6-529b-4623-9957-07edff7acf8a","ret_Doma_Path":"b86dfa38-5b7f-41bf-a180-dbf682a1a0ba","ret_Doma_Type":"e36e3433-4f80-42af-ba72-9f7e83fac387","ico_Doma_Close":"86bd2166-d206-49a0-be52-bd9c94235f8f","bt_Doma_Close":"2b37c802-633f-446b-be2f-c4a1f9ab8ad5","Consumer_View":"c3ff10c0-4e71-4d7b-821d-2a5a5fceea0e","cont_Consumer_View":"fe161888-12d3-4380-a5b8-fc86c57a26d9","lbl_ConsumerView_Top":"350d9d2c-614f-47e0-8562-0738747ba2ea","gal_Consumer":"2dceda46-b515-44c2-93cf-503ecee6f431","galleryTemplate7_3":"e1112b86-f09f-4e26-a947-1b9f79f8bf69","Container1":"38bf232d-b8a4-4849-98f3-48dea34390f6","rec_ConsumerView_galTop":"b5695de8-01a5-4d9f-aca3-82ad8c8872e6","lbl_consumerView_galTop":"c2658ede-a4b0-4231-ba65-ec1cbb9dbda4","Container5":"a0269e1e-9bbd-41be-a516-ed2288b34b5f","lbl_consumerView_firstName":"f605158b-2606-4df3-a2b5-707a92690e6a","lbl_consumerView_lastName":"cf054659-60d4-4342-a0ed-8d6f8cb0b5dc","lbl_consumerView_phone":"4739ecc7-edfa-45e5-92ec-ffe59b9df732","Container5_1":"0a25bb0e-a059-4e09-a48c-81991cbfc05a","lbl_consumerView_firstName_value":"015d404d-3b93-402f-aebe-d083f6188e41","lbl_consumerView_lastName_value":"6c2a889f-e70a-4ede-862e-e92d3e56d606","lbl_consumerView_phone_value":"193df597-d8b4-4dd5-bc39-8e5a5d4f3b35","Container5_2":"482a7b27-d478-4c50-965a-d5f16efc93f7","lbl_consumerView_firstName_rect":"a2800a75-a843-44fa-a29d-9291a8a0f141","lbl_consumerView_lastName_rect":"62426264-f723-46c3-80b7-d2232064ef45","lbl_consumerView_phone_rect":"c58063aa-9c51-4188-bedf-345e22da06be","lbl_consumerView_Name":"af04ac2c-866b-4491-b931-e93cc3eb80bc","lbl_consumerView_Number":"82291b60-e405-496c-8605-7e96ae1667ba","img_ConsumerView_Edit":"6681ec2b-5dce-4293-a52c-1dee1170f4c5","bt_ConsumerView_Edit":"ca60d464-2ac7-4ff6-bf00-a9cd3fd7ef7f","Container5_3":"ec4e052e-a7a8-48d2-a8a2-69c2a34db978","lbl_consumerView_email":"bf1b188d-0318-435a-891f-45ca8cf6b720","lbl_consumerView_fax":"e058ebe7-917a-49ef-8dfe-2f629ef19cb5","lbl_consumerView_mobile":"74a60f27-5c4e-470b-98be-a82dcf1ba207","Container5_4":"c6a98f94-b6ad-4ffc-9e73-7c03902f6594","lbl_consumerView_email_value":"c89d87f3-447f-4b90-83cb-a5c85f866f07","lbl_consumerView_fax_value":"2bc00102-f1e4-4084-90ba-8b950c218795","lbl_consumerView_mobile_value":"7f4f753c-b795-4897-9b86-f93f30d2bebb","Container5_5":"238566a8-a89a-4959-b010-6f078be2dd12","lbl_consumerView_email_rect":"91e27aee-4c98-4183-bdab-4490cc52627a","lbl_consumerView_fax_rect":"809792a9-2a13-4960-bf16-4bfb4d026d4c","lbl_consumerView_mobile_rect":"127b2611-a4b2-4e7a-833a-da49a2ff8f6d","ico_ConsumerView_Close":"dabbdce4-bc3d-49e4-99d7-967b27ceb2f7","bt_ConsumerView_Close":"7cd1ae4e-1b9d-4af5-aae8-14e505734432","Consumer_Edit":"78055a72-cf15-4ae4-99b6-62d85142c0c9","cont_ConsumerEdit":"2aa9a752-9a01-43f2-80f4-0bd412b13845","bt_consumerEdit_save":"5713b4e5-2036-4bc1-a94e-b4d6ba92b53c","gal_Consumer_Edit":"4702e76a-6992-4c9d-97e1-1f516c447436","galleryTemplate7_4":"44ac7f5a-e0af-4eb3-b6f6-54ed23168316","Container1_1":"c58f981f-fb88-4891-bf8f-209f06aecca4","rec_ConsumerView_galTop_1":"25bdbec2-0c79-4e9a-b919-f78af02df5f3","lbl_consumerEdit_galTop":"33caac5c-74c2-4b55-8742-9be02cb4d51f","Container5_6":"fa3217c9-a2a2-4e49-a7f7-7b131b7b84b2","lbl_consumerEdit_firstName":"25b627fc-fcfb-47dc-9f0b-fe5a3a6b9446","lbl_consumerEdit_lastName":"d691a546-4c1c-4471-8a03-63dda732251c","lbl_consumerEdit_email":"5bdfbde7-64c7-4a57-b0cb-5aa7b917a3b4","Container5_9":"0ffeede4-c4bf-45f1-a3a7-61604d1ca65e","lbl_consumerEdit_phone":"f64a2fba-670a-4332-8d73-16e444d8ee0c","lbl_consumerEdit_fax":"032d2df2-07a7-4486-9853-d5ca38943e1e","lbl_consumerEdit_mobile":"099f51fa-3c64-44d0-85c5-c6e34f317fc1","Container5_7":"227e3f8c-cf03-4496-98b2-de52afd2a94c","lbl_consumerEdit_phone_2":"92afae4a-c77f-44f0-a7a0-346dea72b980","inp_consumerEdit_firstName":"b7d2ceea-c1e6-4c35-b343-670a433e1b2e","inp_consumerEdit_lastName":"51d4fd1d-a091-4bb8-9eab-4b677472386e","inp_consumerEdit_email":"3c295408-2704-4691-8a51-345ca3406878","Container5_10":"73c3cf57-358c-4668-8aa8-72c32caa2e00","lbl_consumerEdit_phone_1":"891d16be-95fc-4522-96fe-2ae26b02a65e","inp_consumerEdit_phone":"36cb36b2-c6fd-4603-82a8-a50b7890f636","inp_consumerEdit_fax":"1c1c4bcd-505e-4462-a6b0-8b8a6cbc799b","inp_consumerEdit_mobile":"5e36aa9e-828e-4108-b316-7d54afea6714","lbl_consumerEdit_Name":"ef344f01-2512-4e16-b8b4-e5f561dff35b","lbl_consumerEdit_Number":"98319a7a-b32d-4fb5-bc68-9ff8723a6f95","lbl_ConsumerEdit_Top":"f3fbcab9-9b11-4e30-ad8e-faaa42e2aa26","ico_ConsumerEdit_Close":"4263f123-b18c-45cd-af64-d78affc13e9f","bt_ConsumerEdit_Close":"b47da069-42ea-4bae-a362-5520031c64e3","Consumer_New":"1ed79cef-099a-4183-9153-ba6ffa42e0ac","cont_ConsumerNew":"ee9bec94-1268-411d-8b8b-fb6f54652df5","lbl_ConsumerNew_Top":"f66cf236-cfbd-4f1f-9f08-a8665422d15e","ico_ConsumerNew_Close":"15dfe286-ac12-4465-bf71-4ad15326ea0d","bt_ConsumerNew_Close":"0925fa61-1a4f-4dcc-a819-cda515db97a2","lbl_consumerNew_firstName":"98603178-9c51-4a0f-b0b9-4895c4d5cf6b","bt_consumerNew_bg_firstName":"0d0364f6-d56b-4545-970f-0b725c195446","inp_consumerNew_firstName":"9341943d-03d6-4578-8f31-842619939bad","lbl_consumerNew_lastName":"8915736f-fb4f-4dcb-81bb-6ffc79ba6880","bt_consumerNew_bg_lastName":"9288df88-2f48-4802-980a-9c99a2b41973","inp_consumerNew_lastName":"a6013df1-2bca-45e0-b203-679bdf4ce0e2","lbl_consumerNew_telephone":"e71febe6-f9a1-4b02-a2f3-7e8982e509c7","bt_consumerNew_bg_telephone":"98df493e-b678-42e9-b6fe-abc1bd298ea3","inp_consumerNew_telephone":"3f0d33cc-f294-4a71-9cfa-16f46df4c66b","lbl_consumerNew_email":"5727200c-650d-47f4-a4a7-087b21c0266b","bt_consumerNew_bg_email":"d4ec9fa0-6929-4a92-b1d9-af24966040ba","inp_consumerNew_email":"217ad4c6-08c3-40e5-a668-30ce96c89d02","lbl_consumerNew_fax":"39d8a576-9399-4e52-a819-a7d795ef48cb","bt_consumerNew_bg_fax":"54af8849-8d58-4eb2-83d5-413851c51f93","inp_consumerNew_fax":"0ae5d807-264b-4d11-aedc-e39be4430822","lbl_consumerNew_mobile":"fcfcfbec-7d8e-4118-a0f3-81f8a42e30fd","bt_consumerNew_bg_mobile":"824e27ca-bb37-4acc-8dc4-80c484d21562","inp_consumerNew_mobile":"62b28d26-b4a2-4dee-a5fa-5fe0fc475602","lbl_consumerEdit_addressTitle":"94a4c35b-b96f-4b57-b977-120afd7555fe","lbl_consumerNew_streetName":"f160a5d8-fce1-4a19-9a3b-92a745171b15","bt_consumerNew_bg_streetName":"8ec20b5b-309e-4ff7-ae64-86c68938d624","inp_consumerNew_streetName":"536fa04b-c0ec-48cb-9112-2e40bf06f807","lbl_consumerNew_streetNumber":"ac1f13ee-577c-4815-95e4-0c8836b4ef66","bt_consumerNew_bg_streetNumber":"817896cf-4638-4855-a0b2-9c1a2fc89d04","inp_consumerNew_streetNumber":"eec58914-e2d7-4494-a22c-389cf0f6286f","lbl_consumerNew_zip":"1da5d6e7-6fa8-4cf0-b2f5-0ecfaf705c87","bt_consumerNew_bg_zip":"c31a02ab-d334-4c45-98cb-e3c5b8165807","inp_consumerNew_zip":"56e5a5b9-a4ca-4825-a2b0-0451ccc73ae0","lbl_consumerNew_municipality":"83dcae93-ea91-4a95-829f-8d31da69eb4a","bt_consumerNew_bg_municipality":"84abf952-ba4d-4d88-9901-d1b503b8e909","inp_consumerNew_municipality":"a8512d58-20d3-476b-8488-9b9b546213dd","bt_consumerNew_save":"6b59e7ef-ab27-4375-8943-90f501f2b812","bt_consumerNew_unknown":"4331ab60-df3d-44f2-aae5-2b459411f0a7","Task_New":"82bfaaba-b858-4429-b33f-c4931a7af941","cont_TaskNew":"92d5329f-5406-4264-a3b0-73163614bcbd","lbl_TaskNew_Top":"c8b50fc4-bd89-427b-9037-f52c23c550af","ico_TaskNew_Close":"92d308fa-2b31-465f-93e8-8315eff49f55","bt_TaskNew_Close":"7f9e8a5f-003d-42ff-a359-d8af73c1abf2","lbl_taskNew_AssignmentGroup":"e0204525-bb15-4522-9933-1797b3b99905","bt_TaskNew_bg_assignmentGroup":"e3ee6696-a3ac-4eea-9d82-5ea713c4a388","cb_TaskNew_assignmentGroup":"d24fcba3-d893-40ee-a0cc-6f79ab8bd4dd","lbl_TaskNew_caseNumber":"298c9703-bfc1-4d17-9a97-cecf11eb0837","bt_TaskNew_bg_caseNumber":"b5df2504-8c00-4819-9d6c-83e01c42e129","inp_TaskNew_caseNumber":"dfbcba83-72d8-4ad2-ad38-21f99b64e4aa","lbl_TaskNew_categoryL0":"a1104999-46b7-419e-afb1-2c518edf9344","bt_TaskNew_bg_categoryL0":"49864050-0490-4592-9e37-a27e3316a172","inp_TaskNew_categoryL0":"d74b48ea-494b-44d8-ac70-b691540dd868","lbl_TaskNew_categoryL1":"7db868db-3303-49b3-9cb4-3955dc723095","bt_TaskNew_bg_categoryL1":"8ca35800-9052-42f1-94ec-d5e2d1cc7f3d","inp_TaskNew_categoryL1":"a1a3599e-7549-4a1a-9910-b88d5ff14cb8","lbl_TaskNew_categoryL2":"e250eddd-3a63-4463-ab1b-a6e14a9af0da","bt_TaskNew_bg_categoryL2":"9ea5afb7-8f4d-4a6b-b9a4-a3474b8f6c39","inp_TaskNew_categoryL2":"f7b9f9db-9d41-46ef-bb2e-be428c79d4a0","lbl_TaskNew_description":"fccd554f-4387-4eb1-b4f7-229713f87bb7","bt_TaskNew_bg_description":"3a63ca73-8946-45cd-af34-98ee1376ff40","inp_TaskNew_description":"4b618233-37e4-495e-9783-ca8b9adfc63b","bt_TaskNew_save":"797f9039-3b3d-41a9-b258-be8006185661","bt_TaskNew_back":"c486b929-d3aa-40b6-9ac7-9a8f9d55be78","Task_Edit":"69129cd8-95b9-4dd8-b104-2348d75c5382","img_TaskEdit_upload":"addfd994-cc5a-4353-8a69-5cd37ea1e2bc","CanvasFileDownloader1":"ea14ff04-e637-4df4-ae6c-534fb594f0fb","cont_TaskEdit":"ea59535d-92fd-40a9-bc82-00e8f4ea2df4","lbl_TaskEdit_top":"b41029aa-a87d-4edb-a9f4-c42a2f1a0bb8","ico_TaskEdit_close":"a2e006fc-e120-4374-9836-a2362de60330","bt_TaskEdit_close":"e3ef08a2-68f9-4d2a-b424-626a0c18aa04","lbl_TaskEdit_caseNumber":"377b8560-3dfe-489e-b052-8c332217532b","bt_TaskEdit_bg_caseNumber":"759a476d-08bd-42f1-9690-f9b9fe426bc3","inp_TaskEdit_caseNumber":"d8bbc2ba-227b-4965-ba1a-0ce78fe0636c","lbl_TaskEdit_date":"4be08717-6f98-47da-b9aa-1e7426a450fa","bt_TaskEdit_bg_date":"86659ef0-634a-4444-95c2-fa99c9f4db25","inp_TaskEdit_date":"534d66ad-ad07-4871-b2bb-36db1fa65c2c","lbl_TaskEdit_categoryL0":"a3244c1e-7098-4e7b-8c51-67a2167de247","bt_TaskEdit_bg_categoryL0":"66cea2bd-06a6-48b1-b1dd-9b3a1542cad5","inp_TaskEdit_categoryL0":"c8f04cd7-2b58-4995-9160-78f1f691ef28","lbl_TaskEdit_categoryL1":"870362c9-3449-4d38-9687-f447292e88fa","bt_TaskEdit_bg_categoryL1":"89dc8379-e47b-46e2-85d2-7d7433ef38ed","inp_TaskEdit_categoryL1":"7f6a6184-f799-459a-9b0e-dc95e93aa2d1","lbl_TaskEdit_categoryL2":"b30f9de2-7126-4f0a-812d-faa92bb7717a","bt_TaskEdit_bg_categoryL2":"cb95b6a5-b035-4499-9cf3-da893bd0d8f4","inp_TaskEdit_categoryL2":"298dec26-0a5a-4613-804b-038dd88f68b9","lbl_TaskEdit_description":"53e5fc5d-d34e-49e6-bca4-cfbac481cd8f","bt_TaskEdit_bg_description":"a63c6f15-b851-41dc-b275-2246a91d79df","inp_TaskEdit_description":"35da6f95-021a-4911-b59b-18c916edfa33","lbl_TaskEdit_status":"52c22d60-13ac-4daf-9830-073fd6bd516a","bt_TaskEdit_bg_status":"a216d9a1-6800-4402-97e2-883b09030c06","cb_TaskEdit_status":"087ccd09-41aa-41c9-bb91-7dae6ac6ad05","lbl_TaskEdit_AssignmentGroup":"1c15b3a2-e003-4b53-8f4c-b5ac1468f64d","bt_TaskEdit_bg_assignmentGroup":"c2aad45f-a232-4ee2-abf4-10d8c1277943","cb_TaskEdit_assignmentGroup":"c34965f0-db90-4889-886b-379086eedb3b","lbl_TaskEdit_lastNote":"8154e574-d3a2-47fb-8731-2b996f401411","bt_TaskEdit_bg_lastNote":"f35020ce-d710-47d5-9ca9-e943d6e0062a","inp_TaskEdit_lastNote":"55378e49-07f4-41fb-8929-b9b9b9b2385c","lbl_TaskEdit_note":"8d2f8ae8-7cbe-478d-a237-8815b4652bef","bt_TaskEdit_bg_note":"6215bd9e-7632-4804-b3c0-ef29e270d461","inp_TaskEdit_note":"00c3395e-3c8d-4c85-b8c3-4dba21af992c","lbl_TaskEdit_upload":"ad661622-049a-4d84-b588-b94d87805775","bt_TaskEdit_bg_upload":"aa7e05d1-42f5-4d4a-8ae0-2ba8df4d4bf2","upl_TaskEdit_upload":"4285757e-bc19-4ccb-be1c-7122287e522e","lbl_TaskEdit_attachments":"41ee93dc-af87-4652-a581-3927d59f8d42","bt_TaskEdit_bg_attachments":"df8fb581-0245-4125-a0c5-583c04e40ab1","gal_TaskEdit_attachs":"f893dfd8-04c9-470d-a9a5-69f9caf83bcd","galleryTemplate1":"ce890b8b-c305-403f-ac4b-db3c0aa84a3c","inp_TaskEdit_gal_attachments":"da0d0e44-eb63-4190-9d10-75a334145402","img_TaskEdit_gal_download":"654b24e0-4485-4bb4-bcfd-075d8f0b91a2","bt_TaskEdit_gal_download":"654565f6-2f6b-4e2f-b1b2-3f977c676611","bt_TaskEdit_Save":"7885e4ec-7f2b-431a-bef8-15c25a863fc5","bt_TaskEdit_closeIncompl":"3dafbb9c-86de-4aa4-82ce-dab4b44c68d6","bt_TaskEdit_closeCompl":"5148b1a7-11e7-41c1-a212-e03fa7012e67","bt_TaskEdit_SaveAttach":"e99d5a8b-92dc-46c5-96d8-66f276c1644f","Detailed_Information":"195a5437-6615-49d9-8f9a-565792e64e79","cont_information":"3e9b16ca-25e7-464e-9445-128ea0d2161f","detailed_contract":"8e3df9a8-1570-43b4-a42c-14702c631885","lbl_detailedContract_mktEndDate":"8bc4c763-8e84-4261-b5db-0363e1206e17","bt_bg_detailedContract_mktEndDate":"5f3f7341-31ec-4f6a-9881-a029c472541e","lbl_detailedContract_contractType":"c2be220a-e99b-430c-8212-4283e43801a1","bt_bg_detailedContract_contractType":"50b53e3f-0bb3-4536-a3f0-99821b396b0e","lbl_detailedContract_contractDate":"9de6b431-b0d7-42d4-99ba-db6541d89d0a","bt_bg_detailedContract_contractDate":"c1baa28c-3383-40c4-b8ce-352347e7b8e6","lbl_detailedContract_ISP":"a9069458-3173-42d6-992f-15ea98865652","bt_bg_detailedContract_ISP":"74b19f00-ac93-4437-8497-a0c14dfc5aab","lbl_detailedContract_ISPavailable":"ebb894a6-676a-4c93-a0b0-c88bf430a807","bt_bg_detailedContract_ISPavailable":"6d0c4652-f31a-4aa0-a3b2-e4dc207f5f0e","lbl_detailedContract_d2dStartDate":"60337765-7bda-47e5-be9e-f5438796324c","bt_bg_detailedContract_d2dStartDate":"97daa3e3-ef50-4174-92a0-26c5ddca51f4","lbl_detailedContract_d2dEndDate":"6b01f39f-d9ec-4c4b-95a1-06f8827f800d","bt_bg_detailedContract_d2dEndDate":"aaabe2f1-e4cf-49c4-a27a-b23494ca9219","lbl_detailedContract_d2dCompany":"b0d6b888-df52-4d65-b680-02d0f1c1050d","bt_bg_detailedContract_d2dCompany":"3de3d4d5-2074-4910-b33a-0e77e9d84d4b","lbl_detailedContract_Event":"56da4506-442a-43fd-9891-2514d39c266a","bt_bg_detailedContract_Event":"e1c16fd9-d166-4db2-b003-2b22afbda106","lbl_detailedContract_mktConstructionEndDate":"dc1767cb-d694-4efe-9ea0-52721dc4c169","bt_bg_detailedContract_mktConstructionEndDate":"b4133227-298c-4ca2-a12d-f8f169639f93","lbl_link_detailedContract_contract":"cbbd174e-cff2-4285-8957-a7f83da9d6b5","bt_link_detailedContract_arrow":"346cf82c-ac59-4924-aa13-1a6938baf427","bt_link_detailedContract_fullBt":"44dda0c3-7d77-4c47-a3dc-2571019d4f5c","lbl_link_detailedContract_event_event":"c37ba23a-2abc-4fa0-89f9-3fb32493abfd","bt_link_detailedContract_event_arrow":"853d6158-880c-4e6c-bdbf-291caf258d08","bt_link_detailedContract_event_fullBt":"81f6a480-1782-493d-9edd-5829c5be07f0","link_detailedContract_contract":"6a298871-eec0-4dbf-813e-c4db8d855523","link_detailedContract_Event":"39b21fc2-e520-4afa-8975-b8e2a70251dc","detailed_visit_sdu":"674996d9-34f8-4638-8b2c-3f2b5d9e8dce","bt_link_detailedVisit_arrow":"d2253f4d-aba4-40db-a71e-4b71cf8437fe","lbl_detailedVisit_surveyStatus":"d993f903-aa0d-462b-9723-f012012ea941","bt_bg_detailedVisit_surveyStatus":"43dd7c96-535b-44de-9b4e-16c302113b49","lbl_detailedVisit_surveyCompany":"0afa9e7e-7755-48b7-8ba9-2ac338faa617","bt_bg_detailedVisit_surveyCompany":"25dbf241-389c-4bd3-b2a3-f5d3dca4d678","lbl_detailedVisit_surveySchedule":"7819d2d5-b666-4dfd-a781-dc8bc5af7c77","bt_bg_detailedVisit_surveySchedule":"cd35cc86-15a4-463b-829d-e8686c9dfa3d","lbl_detailedVisit_surveyTime":"c21be1bd-d864-45d9-8cb2-e421612f2770","bt_bg_detailedVisit_surveyTime":"8f569c7d-d120-4d5f-93f3-02e73f1ba43d","lbl_detailedVisit_surveyAccepted":"0f3cb117-e25b-4b8a-8024-a50f6e47cfaf","bt_bg_detailedVisit_surveyAccepted":"fad232fb-0d20-45cc-96f4-28b595c46532","lbl_detailedVisit_HBGStopp":"df5fbe16-0e35-4bf8-85bf-2948a02fba12","bt_bg_detailedVisit_HBGStopp":"06cbad43-ce67-4651-9d10-27400a3d517a","lbl_detailedVisit_ConstrWaveNe3":"00423053-36d8-4f0c-895d-690d0cc1df16","bt_bg_detailedVisit_ConstrWaveNe3":"2738c385-88c0-4790-8f4d-f73b0c631688","lbl_detailedVisit_VisitDone":"0504da58-f2ab-423e-a97d-2db1404c167d","bt_bg_detailedVisit_ConstrWaveNe3_1":"3463706b-c69f-4a9d-bd84-585197ea189b","cbox_detailedVisit_ConstrWaveNe3":"c25696b3-51ad-403e-b15a-204f8af54396","rec_detailedVisit_ConstrWaveNe3":"00949565-07ed-42ab-bccd-b8f8162b2858","lbl_link_detailedVisit_protocol":"52b84079-0853-4d10-a69f-ec78a203ac82","br_link_detailedVisit_fullBt":"43dca54d-e9eb-462c-a31a-9079f59b9168","link_detailedVisit_HBGProtocol":"2a8f4e2d-19f2-4cfc-9e38-db0e0e44c5c7","detailed_visit_mdu":"46ade96d-9d52-4aa4-8260-1a7dba57fa52","cont_detailedConstruction_Construction_1":"af75f3c4-7e32-449a-aba8-98c545185793","bt_bg_detailedVisit_surveyTime_1":"bd68ebe6-521f-4776-88df-7ce04e4d4209","bt_link_detailedVisit_arrow_1":"ff90fde4-2e85-47f9-b416-94c5ba76e54c","lbl_detailedVisit_surveyStatus_1":"6eda43e1-33c0-4371-b524-236acd87884b","bt_bg_detailedVisit_surveyStatus_1":"5620386a-550d-4a72-a52e-ba4c339a8755","lbl_detailedVisit_surveyCompany_1":"a55e3bd5-9a58-4e3e-8ece-db97241370c9","bt_bg_detailedVisit_surveyCompany_1":"3c485ce3-a0f0-4961-af76-a3f86b010b9e","lbl_detailedVisit_surveySchedule_1":"6e0ee1a8-b84d-4466-b6f2-c861f7b354a0","bt_bg_detailedVisit_surveySchedule_1":"34beb87a-84fd-4699-a83f-0cf787718802","lbl_detailedVisit_surveyTime_1":"abe10799-de05-459b-8d64-be20d915da8e","lbl_detailedVisit_surveyAccepted_1":"0e5d902c-babc-4da2-9711-dceaa45acfdb","bt_bg_detailedVisit_surveyAccepted_1":"402fc99f-d526-41a4-8af3-fe9866773d00","lbl_detailedConstruction_installationTitle_2":"75da3099-595d-4282-b001-9a405ce212d2","lbl_link_detailedVisit_protocol_1":"61e63a0b-3980-46c2-b274-b2918b02819d","br_link_detailedVisit_fullBt_1":"d695f2a7-9b51-464f-8360-73160a61e3ab","lbl_detailedVisit_HBGStopp_1":"e8824e74-c69c-4e4a-959d-5b7be23bbe4b","bt_bg_detailedVisit_HBGStopp_1":"0793732e-b64b-46a2-9791-178003feaeca","lbl_detailedVisit_ConstrWaveNe3_1":"2f4e2d0b-85f3-4ed7-8a6d-889f5599cb2e","bt_bg_detailedVisit_ConstrWaveNe3_2":"062c7b7f-e671-4300-a9c5-5aba3a48d8b4","lbl_detailedVisit_VisitDone_1":"ab625b74-aca1-4ea6-ba9d-b8054b45bf0e","bt_bg_detailedVisit_ConstrWaveNe3_3":"1e979ac0-241c-4aa3-ac29-f8baa8469c02","cbox_bg_detailedVisit_ConstrWaveNe3_3":"5d4c2242-fe5c-4221-929c-8015a66b4f95","rec_bg_detailedVisit_ConstrWaveNe3_3":"576dfeb5-fec9-458c-8994-2a4f85e6eda5","link_detailedVisit_HBGProtocol_1":"9f89b14e-4a6f-4cc1-a41d-3506663da619","cont_detailedConstruction_Installation_1":"47de88f0-3ada-4a19-9acf-75a5a9c053cc","lbl_detailedConstruction_installationTitle_3":"6d138564-09fd-4ed5-88a3-0297052736af","detailed_construction":"9cc957b1-4ee2-42c6-a721-55d7c85031d6","cont_detailedConstruction_Construction":"d1667c2d-b7f0-4199-ba52-c08e9be745f9","lbl_detailedConstruction_workCompany":"0f8c72c7-a46c-4e8c-936f-00b28e04bdf6","lbl_detailedConstruction_workSchedule":"fbfa2f0c-f967-4109-b948-d9d0090519f5","lbl_detailedConstruction_civilWork":"ae3bf721-6206-4fa4-94e3-388a44ba4121","lbl_detailedConstruction_fiberBlown":"9fe8c2cb-d76e-44f2-aaab-0954b0780a5a","lbl_detailedConstruction_fiberFusioned":"92bfcff7-ef64-4711-a830-5654b51c9ab6","lbl_detailedConstruction_constrWaveNe3":"b588eb2c-eb29-45ab-aa7a-1100371383e4","lbl_detailedConstruction_outsideWork":"7b2dc888-446c-468c-8502-5a7ffb1bfff7","lbl_detailedConstruction_dropdone":"0b32e20d-2701-452e-bafa-1ca302fd255b","lbl_detailedConstruction_constructionTitle":"057ed448-7017-4265-a0c7-125ea84b83ab","bt_bg_detailedConstruction_workCompany":"95cb203e-2870-4e72-ab70-0ae8d14bd843","bt_bg_detailedConstruction_workSchedule":"13e76232-8903-4488-beb4-13f6473d6581","bt_bg_detailedConstruction_civilWork":"d731e3e6-5a5f-4f79-abe9-391354bfe943","bt_bg_detailedConstruction_fiberBlown":"e882fbae-65c5-41f9-a806-0355bcde93fc","bt_bg_detailedConstruction_fiberFusioned":"4f1e264d-dd5d-4bc0-8165-24a933e0ffb3","bt_bg_detailedConstruction_constr_WaveNe3":"d7178c12-a9c7-4a62-b0fb-4478afe3adf1","bt_bg_detailedConstruction_outsideWork":"899c30a9-0934-4383-961a-8937feecdfa6","bt_bg_detailedConstruction_dropdone":"5baacd09-b9d9-40f6-ac77-4d4e5933fe41","cbox_detailedConstruction_dropdone":"17952e50-8e4b-43b8-ad58-1aa1bc730d58","rec_detailedConstruction_dropdone":"2b7d51f1-08b7-4530-9708-ac776f275f62","cont_detailedConstruction_Installation":"4430205c-beda-4e76-868c-5247ffc25698","lbl_detailedInstallation_workCompany":"df2853b5-8ccb-4405-823f-12fb04c6a4ff","lbl_detailedInstallation_workSchedule":"2e178aa7-ed27-4232-b877-a4055d5f68ab","lbl_detailedInstallation_civilWork":"ae5fb1c0-6032-42d1-b071-dda76678d754","lbl_detailedInstallation_constrWaveNe3":"3f951839-a673-4299-b219-09e961fad27c","lbl_detailedInstallation_homefinishedDate":"b56d9a3a-dde6-47b7-8323-d9bbc374c8ef","lbl_detailedInstallation_InstallationDone":"2d559c7a-d0bb-4258-bbb7-e54c2d3b8d95","bt_bg_detailedInstallation_workCompany":"35564e6f-d908-43b1-b1b3-3d9a55bfcbc1","bt_bg_detailedInstallation_workSchedule":"29b336b6-1374-4686-ba8e-f3fac71c5270","bt_bg_detailedInstallation_civilWork":"36dfc32d-205c-4819-8c3b-7d7844d3b702","bt_bg_detailedInstallation_constrWaveNe3":"e96b931c-6a9c-4c1f-b15e-1127a6ee425c","bt_bg_detailedInstallation_homeFinishedDate":"47f6f4a7-8730-4219-83a5-6a9154f6d1ab","bt_bg_detailedInstallation_InstallationDone":"ff342cab-db36-42ae-b246-522d5a885557","lbl_detailedConstruction_installationTitle":"4ca64d72-35ed-49c7-8d90-2d6b564fe83f","cbox_detailedInstallation_InstallationDone":"7b8b505b-dd56-4cf3-b23c-19e8e686e2a0","rec_detailedInstallation_InstallationDone":"fec9cfd8-c43d-4f63-966d-50af7eeae429","detailed_installation":"17bc4a5a-c53f-42fd-a749-d9bad3c4ff13","lbl_detailedInstallation_homeCompany":"08d5f0f9-b6c2-4067-b394-7b2d9e812797","bt_bg_detailedInstallation_homeCompany":"9ec9f0c8-4e84-4db9-988c-1d3765fda43f","lbl_detailedInstallation_homeSchedule":"800977ad-cc30-4997-8829-67202536448c","bt_bg_detailedInstallation_homeSchedule":"3b6d369a-5ecd-42f6-9cbf-913ce14cb180","lbl_detailedInstallation_homeTime":"16b3b25c-7013-4212-a87c-2aca62dc5eac","bt_bg_detailedInstallation_homeTime":"4fc18d4f-4644-4db5-bcdf-f7559a57a206","lbl_detailedInstallation_homeDate":"57b21bfe-c9f6-4fdf-b110-74fa042b6b14","bt_bg_detailedInstallation_homeDate":"e0719f03-a38e-4adb-a48b-d9e97c669127","lbl_detailedInstallation_OTBinstalled":"af9c5b32-f072-48ff-a0a7-a64f6b5f5fed","bt_bg_detailedInstallation_OTBinstalled":"23e0a055-762c-47b9-a506-acb718be352d","lbl_detailedInstallation_OTOinstalled":"b72f736b-0f1b-4fe3-b123-e0a6ddda6de1","bt_bg_detailedInstallation_OTOinstalled":"31c0ecec-63fd-4813-93cd-66fe88de706c","detailed_unit":"f5c6af94-99db-4e2f-ab92-60636b193a18","gal_detailed_unit":"7d18fa92-2e82-42e7-b28e-a8cf26ede4fc","cont_bg_housingUnitBot":"10282319-d7d7-43ac-ad34-9279d207a102","galleryTemplate4_2":"445be6c4-19be-4940-966d-714a3b9c4308","bt_bg_housingUnit":"a7e28708-6598-46b6-81ff-e5d911518c61","cont_bg_housingUnitTop":"a6509472-3683-4184-a12d-b268fe406fbd","lbl_housingUnitTop_opportunityID":"66341674-0e10-4493-a81b-f14d500208f2","lbl_housingUnitTop_blank":"e23c817e-bebe-4af8-9725-9cc514cc8f61","rect_bg_housingUnitMid":"4ee2cd7e-73c2-4c7b-82b6-e84579136f80","cont_housingUnitTop_label":"d97220fc-89d4-4364-9de1-4191b838f78c","lbl_housingUnitTop_ISPname":"8c28939b-997c-4d2f-a8dd-f782e8f1d1d6","lbl_housingUnitTop_ISPDate":"abf072fb-da52-49c0-a799-b6937012f5de","lbl_housingUnitTop_constructionStatus":"d2913121-c79d-48d2-8b3b-5bf83344256b","lbl_housingUnitTop_ONTInstalled":"36cb220e-0e53-4d73-bbfa-b7023c94bba3","cont_housingUnitTop_values":"9146ad52-4498-4220-a9e3-9f994ab5c998","lbl_housingUnitTop_ISPname_value":"aca0227e-9d78-4244-95e6-f234db9fd914","lbl_housingUnitTop_ISPDate_value":"21375965-ca32-44ab-bb69-5175373aa073","lbl_housingUnitTop_constructionStatus_value":"e9160665-f702-4868-add4-ac0e20c1e477","lbl_housingUnitTop_ONTInstalled_value":"39b4259b-3786-45c3-8bd9-f44ee0cd47c7","bt_bg_housingUnit_1":"4da3cfdb-ee5c-4cf0-8674-d3c61f518b7f","cont_housingUnitTop_divs":"48783eb0-83d4-410e-8fce-2d786d80db3f","rec_housingUnitTop_ISPname":"82c5232a-d3ca-4af6-a8a8-95e368d59b4e","rec_housingUnitTop_ISPDate":"c600a15f-b62f-4190-8b29-0e3400c70137","rec_housingUnitTop_constructionStatus":"49f97117-6f9e-453e-b84f-9c0f4634f987","rec_housingUnitTop_ONTInstalled":"3a5936bc-a122-4ade-8912-7c4a9b41b9d8","detailed_maintenance":"6429b24f-f9fa-4b1d-bd15-f6981094e470","lbl_detailedInstallation_homeCompany_1":"d4da9d9f-e5d5-4bbf-89c3-10a9d9d595f7","lbl_detailedInstallation_homeSchedule_1":"613e0cc4-7fe8-4506-ab7f-473057eff370","bt_bg_detailedInstallation_homeSchedule_1":"de33b2f3-1455-4f17-bd42-b6a94a558a28","lbl_detailedInstallation_homeTime_1":"1b3434cc-4a57-4a83-81e7-eefe019b3a45","lbl_detailedInstallation_homeDate_1":"6857442c-9e9a-4fb9-ae88-688ecaac072f","bt_bg_detailedVisit_ConstrWaveNe3_4":"745700ae-1896-486e-ab6b-0ee6141cfaba","bt_bg_detailedVisit_ConstrWaveNe3_5":"17239a44-3ead-4442-97df-e2c3b447004b","bt_bg_detailedVisit_ConstrWaveNe3_6":"e4ec2628-6428-414e-a7d8-5fa1b5aa78ec","Notification Error":"a1e64b6a-2822-437e-9b43-284aa7379f11","cont_NotfError":"9b2545ea-a5ea-48d0-8487-3c6e97b6938d","bt_NotfError_Background":"7120daa6-2a87-421c-a95b-3623b15b05d5","img_NotfError_Type":"4b07ff8e-f9eb-4f29-97cd-1fe03577c73d","lbl_NotfError_Title":"2426cb40-3cd3-47e6-82ec-c33fd97a9948","lbl_NotfError_Message":"a9d991c3-ac3d-415d-80df-1b9d7899e997","bt_NotfError_Type":"003c15e8-2835-47ae-8be9-c729961575e7","Address_Information":"62e2faa3-086e-4b0d-b5ae-23c63a3ff14a","cont_addressInformation":"91f9fa28-c20e-4e7e-9cd3-27b21309d684","cont_addressInformation_address":"268f605e-bb2d-49f1-b364-2dca5bf10fee","div_bg_cont_address":"d4a4873f-9c06-4209-9668-ac20ceff86b9","lbl_cont_address_title":"7c70c40c-214c-4193-89e8-5430b2b11740","lbl_cont_address_infoTitle":"be914787-94df-4912-97ab-ddbf604e8572","lbl_cont_address_infoValues":"20f1523f-e307-414e-b34a-c705a36aa375","cont_addressInformation_addressInfo":"a5042250-b899-4a4a-8ee3-93edefa45a0e","div_bg_cont_addressInfo":"a8273053-788d-43e5-a28e-745e3832918f","lbl_cont_addressInfo_title":"4cf9c76c-422d-4db0-abbb-9e319eb13b13","lbl_cont_addressInfo_infoTitle":"e6bcad86-f5f2-4cfd-861e-d6d6ef684bd6","lbl_cont_addressInfo_infoValues":"a696d45a-3963-478c-a474-73d1172325e9","cont_addressInformation_addressInfo_1":"4eff86c9-30f6-4c3c-956f-9d5dae9bb662","div_bg_cont_addressInfo_1":"072ed919-35e6-4330-82a5-5367bbc73a55","lbl_cont_addressInfo_title_1":"587f579c-1a7c-4710-9734-873eb28f5f9f","lbl_cont_addressInfo_infoTitle_1":"d3b4bbf9-d949-4e02-927b-aedf08e360df","lbl_cont_addressInfo_infoValues_1":"18fd4312-3e87-4ca5-a5af-c55dd31abc89","cont_addressInformation_owner":"53f4d89f-f2da-482c-bb69-b128c6935429","div_bg_cont_owner":"c5611396-cc5f-40aa-904a-bf5d6d6ca5c2","lbl_cont_owner_title":"2582cac2-c2b5-4125-a5e4-f509083c7fb1","lbl_cont_owner_infoTitle":"5ad8a1c1-2b53-4b3c-8560-17c4a8848e48","lbl_cont_owner_infoValues":"29b4edb2-807b-4133-a8de-7f9a6251a569","lbl_link_cont_owner_contact":"289f80e3-1866-44dd-8c1b-5d273d2d2066","bt_link_cont_owner_contact_full":"bfbf9d07-30a1-4a20-9c4e-11dfaf80ae1d","bt_link_cont_owner_contact":"b054a39b-d94e-4bc7-93b7-75b878e9928f","link_cont_owner_contact":"e970e48e-9141-41e9-910c-ced36cdc474f","cont_addressInformation_specialities":"b67fa8eb-33b7-4186-88af-22adf045dd0f","div_bg_cont_specialities":"93151109-f919-4959-aa1f-6f30d65d3968","lbl_cont_specialities_title":"17548774-4b99-4f85-a789-cd982c9a730e","lbl_cont_specialities_value":"41ded360-d119-46ee-abfc-979d4a0cc680","lbl_cont_specialities_promotion":"676e15de-dd4d-4f22-a08a-169fac041f15","HtmlText2":"c9c3d24c-cf75-4d85-8952-a380fbf8aa54","Email_New":"73e61360-160c-4dee-94d0-0dec6b51ae5e","cont_EmailNew":"713cf610-2dd2-45f0-9c5a-ba4b314ec41f","lbl_EmailNew_Top":"e26a3e2d-ae40-421a-b194-f1f28973447b","ico_EmailNew_Close":"5a12565f-fdcf-4a73-aeb2-c6e6d19f6854","bt_EmailNew_Close":"fbd9fe2b-8fa8-4429-8aab-a2f8ae6c780e","lbl_EmailNbt_EmailNew_bg_receiverew_receiver":"9145094d-9485-4ae0-b2e8-78b46174e530","bt_EmailNew_bg_receiver":"b6e1c4f7-2c47-4a1f-8430-1f4ab1143092","inp_EmailNew_receiver":"76ea726a-a6da-4f43-b622-1db8b9fceca7","lbl_EmailNbt_EmailNew_bg_receiverew_CCreceiver":"2db26b68-2867-47cd-8f3f-85137839a790","bt_EmailNew_bg_CCreceiver":"c32d96fd-d7ec-48c5-b24c-89f18022d93d","inp_EmailNew_CCreceiver":"fc33239b-6107-4c7f-b9bc-d41be8c39291","lbl_link_EmailNew_newReceivers_event":"27fc9e28-270f-4bb8-9849-17929ca2092e","bt_link_EmailNew_newReceivers_arrow":"b62a80e9-4f34-45d3-8698-62665b39443c","bt_link_EmailNew_newReceivers_fullBt":"ab1de7f7-d5ac-4380-8a2f-8d52bc5458b5","lbl_EmailNew_newReceiver":"a3832996-51bc-4902-99d0-89669ceeb5a9","bt_EmailNew_bg_newReceiver":"8d1aadae-d2a3-494f-9596-9ea6b6d71758","inp_EmailNew_newReceiver":"b5d3d208-94fa-4f85-83c8-7b3957c16c13","bt_EmailNew_addNewReceiver":"6ce79277-a9a5-49d8-9692-6f28ba17e695","bt_EmailNew_bg_ListReceivers":"ed938e18-849c-4a71-a475-42de4be136ec","gal_EmailNew_ListReceivers":"1236dd9c-7579-48ee-a528-45312ea906e0","rec_gal_EmailNew_listReceivers_div":"f61bc7f4-ed76-4171-9715-64fec1d94539","galleryTemplate2_4":"85e2a99c-048a-4ae2-9df3-62cd351119e8","lbl_gal_EmailNew_listReceivers_contact":"5a5767d8-9476-4312-87f2-f29b428706d0","ico_gal_EmailNew_listReceivers_delete":"e70c0bf2-3fc9-40bb-9b28-334877ced162","bt_gal_EmailNew_listReceivers_delete":"5957d19d-5793-4f05-8ee3-862f53456fcc","lbl_EmailNew_sender":"55c81b1a-8bfb-4423-876e-837bfdd39442","bt_EmailNew_bg_sender":"a6f909e5-8bfb-4c2a-a368-4df47bf56ba9","lbl_EmailNew_subject":"b8bdfeb3-45c7-46bf-9bb5-068668559748","bt_EmailNew_bg_subject":"90c2aef9-02dd-4228-9f0b-6e518d860934","inp_EmailNew_subject":"05a7e565-6fd0-4448-9a9a-5adfa75b02a3","lbl_link_EmailNew_templates_event":"4a311c8a-63c8-408f-b993-eaf1a1c1dfdf","bt_link_EmailNew_templates_arrow":"598ca67d-8943-4eca-9276-2cf28eafafc9","bt_link_EmailNew_templates_fullBt":"e5ef97b8-11da-4037-8a74-8b72e7e5ec82","lbl_EmailNew_categoryL0":"0328b23a-ecde-4711-8e33-79611cad2c92","bt_EmailNew_bg_categoryL0":"da239560-5d89-448c-8dde-c3dd9e91c684","cb_EmailNew_categoryL0":"77e3f3d3-ec72-4a0d-8d28-c719d16c91a9","lbl_EmailNew_templates":"e72a08a2-87a3-4def-b67a-a04b42d09a77","bt_EmailNew_bg_templates":"2b1d27ee-2a38-43d2-9e2a-9f210edaecb9","gal_EmailNew_templates":"51071566-4e79-4cc4-881b-c485a9cb8a84","rec_gal_EmailNew_templates_div":"720adc2a-0034-4db1-9479-2f008b318a5a","lbl_gal_EmailNew_templates_Name":"c1f5fd5d-7a43-4fef-b222-5bebb8aa8a7a","bt_gal_EmailNew_templates_select":"398d893f-2f0e-412f-a8f8-3dd461f9d5f9","galleryTemplate2_2":"cadeb4e2-d342-45f2-aea8-19e2a9ad85f9","html_gal_EmailNew_templates_Body":"56033fa6-6b23-48cc-bb91-4f046d545b51","bt_EmailNew_undoTemplate":"fc7badbc-8612-45d7-a6c7-13c84987c253","bt_EmailNew_body":"30d2aec7-fbb9-49ed-ac50-8923c28e5959","inp_EmailNew_body":"5d97c74c-a390-4560-8d33-a65dd79dbf65","lbl_EmailNew_attachments":"58603bd8-41c7-4d4d-b168-7fcd86697b53","bt_EmailNew_attachments":"52db1932-2610-47a3-87e6-3b10874ed92b","upl_EmailNew_attachments":"be65cb28-0a82-466f-b78e-5b3d1803d1d3","bt_EmailNew_save":"f2376341-58a9-428c-988e-f2a35805e8c3","bt_EmailNew_back":"3d8c0c0d-65c2-4330-b49d-ca1a4d632b8d","cb_EmailNew_sender":"9d870f43-12cb-4dc1-b63d-e8e9196992b2","link_EmailNew_templates":"24fa76bd-7134-4448-895c-15e7f96d9b40","group_EmailNew_templates":"46632fe4-6a75-4cd7-9824-7df90dd1fdce","group_EmailNew_newReceivers":"4bcd3b9b-5624-42e2-8134-949bda4f961a","link_EmailNew_newReceivers":"8caa4bd0-5510-4984-a1b1-5bf09249a50f","Email_View":"0a0b3497-c8f0-4672-85d9-9816ae0ffefe","cont_EmailView":"7b333092-6ed8-4e1f-860e-f729da0d8202","lbl_EmailView_Top":"5a6c5eaf-461e-4354-8d31-95fa4940d6e1","ico_EmailView_Close":"5cf4ef22-4173-4d00-b6ab-cf18ca53eeab","bt_EmailView_Close":"c5c141fa-aa98-4701-ac5e-3e22cc5f4e82","cont_EmailView_history":"ce116e66-1d71-4cd9-bb0b-db44ce68b96b","gal_EmailView_history":"f17cab97-26e5-4e23-aaff-939a09621c09","galleryTemplate5_12":"61e3b3b2-407d-48d2-bd46-347e461c3082","rec_gal_EmailView_history_div":"42279033-6edc-46e8-a0b7-6295e7779bfd","lbl_gal_EmailView_history_date":"99b9f7ba-794e-4dd6-9f3c-e8f825470e32","lbl_gal_EmailView_history_recipient":"4e07f26b-23be-41af-aac6-e84a84bf65f9","lbl_gal_EmailView_history_subject":"cfd23679-de31-49bc-8c50-cef7df5dc6ba","bt_gal_EmailView_history_selectEmail":"a49c4c4d-1016-43a0-ab34-a10b163ce39f","cont_gal_EmailView_history_top":"cdbfe68b-2208-4d76-b6ce-a439ea0bc840","lbl_cont_gal_EmailView_history_date":"709f82b7-3c2a-43bc-9daf-787403c9aa63","lbl_cont_gal_EmailView_history_recipient":"d3f4e02b-20e3-4363-81a5-55fe47097333","lbl_cont_gal_EmailView_history_subject":"bd4abd11-b40c-4c0a-9b89-7d3aecea49fb","bt_EmailView_New":"33fd4707-cd68-4995-9f6a-fc9afe1e9c6d","Email_Read":"26e232af-89fe-4ad5-b7ff-3b3ce6a7dafa","CanvasFileDownloader_EmailRead":"a610ee9f-3965-46db-9e59-4408d2ec6ff9","cont_EmailRead":"5c5f78a4-6916-4053-8544-c7f7446900ac","lbl_EmailRead_Top":"f76db9b4-93f5-44bf-bf9a-852b0eba8086","ico_EmailRead_Close":"6a3b3fa7-44bc-43a2-b93a-3dcc6fe86011","bt_EmailRead_Close":"c3f7bc48-7e2c-4c33-a825-f259892ad06d","lbl_EmailRead_bg_receiver":"46e888ab-dc11-450e-9d77-6415051e7d19","bt_EmailRead_bg_receiver":"28a65a86-7bf9-42e8-b9d7-b6cd36c2ecce","inp_EmailRead_receiver":"ab17b820-ac6e-4201-a62c-68735e58d703","lbl_EmailRead_bg_CCreceiver":"936f773e-c044-41f1-8046-5156baf2d4ce","bt_EmailRead_bg_CCreceiver":"2265b28e-eba5-49ce-bd85-4b96fc4ac3b5","inp_EmailRead_CCreceiver":"9446ef32-4202-4279-a7ca-192028f88969","lbl_EmailRead_sender":"2a4559ac-6b1f-4502-b1a7-5a92aebf7548","bt_EmailRead_bg_sender":"6d1e4dcb-1933-4892-9e6e-83cbf64a7d58","inp_EmailRead_sender":"7e3b2607-2adf-4eec-b8e8-49eb6fe318a4","lbl_EmailRead_subject":"eece0cff-9fd0-42cb-b429-8d8b68f99163","bt_EmailRead_bg_subject":"fc5f334a-2add-40ac-a18c-89d056a291e6","inp_EmailRead_subject":"ced3b53f-6caa-4e85-9ad8-820786382d57","bt_EmailRead_body":"c678f41c-4ba5-433a-93a3-ebb0f3a8cbca","html_EmailRead_body":"3a6959f7-dbf9-4e24-b356-97f19d2d9e27","lbl_EmailRead_attachments":"b662219f-5909-427d-b135-b0e4fae62f04","bt_EmailRead_attachments":"4704bd30-1dc9-4fd2-ab95-52655a2a4233","gal_EmailRead_attachs":"896a427b-b9a1-47e9-8728-81e3bd9fb497","img_EmailRead_gal_download":"c4df61d8-616b-4f1e-affe-58ff5ecffeef","bt_EmailRead_gal_download":"a95101b7-ca8a-4d1a-a3a9-e337ee686eff","galleryTemplate1_2":"9d5d7e8a-f11e-426a-a102-3d93650b861b","inp_EmailRead_gal_attachments":"6d038a61-2b6f-4015-972c-21bdd5b6dc6c","bt_EmailRead_reply":"483fd3dd-4239-4416-a17f-bf4ad0040942","bt_EmailRead_replyAll":"c2470bd9-5822-489a-aaee-234329de12d6","Templates_Configuration":"a1d848f8-d105-4920-967f-ec0c8e18eb5e","cont_configTemplates":"c44e224e-4ab0-44a6-a7b4-8a1ca970c405","lbl_configTemplates_top":"e35cff49-727a-47bb-b64e-02559316be7d","ico_configTemplates_close":"733e6a2b-18b9-4a1d-93c4-cba0c41e1746","bt_configTemplates_close":"4b516e7b-3f4f-40e3-a61f-e6330d5327e0","cont_configTemplates_users":"ca966983-897e-45c5-ad63-d92d56aa2f48","gal_configTemplates_users":"0fb9fa5e-ab21-4e43-bb85-0508b8be73b2","galleryTemplate5_5":"2f835287-84d7-4872-a7ff-b96e91755612","rec_gal_configTemplates_div":"b216ea76-c131-4a03-a5ca-3e779767f4d9","lbl_gal_configTemplates_name":"d89d6334-9b4a-40c3-ac26-b8e91720c899","ico_gal_configTemplates_delete":"f8d52fbd-3149-4ae2-929e-c41465f3802c","bt_gal__configTemplates_delete":"7d90cd0b-db04-4afa-8e4a-5dcf402e4718","lbl_cont_configTemplates_users":"6db0e05d-d978-4336-9d90-e798d6622681","bt_configTemplates_bg_newUser":"5bc25cd0-6f29-42c6-973d-e68deecc72fd","cb_configTemplates_newUser":"7cb6dcc3-a62d-4431-861c-ff1583179939","bt_configTemplates_newUser":"81cd356d-7cf1-4cba-9952-3327bacda29c","HousingUnits_Docs":"da6e59d9-b156-4f31-998b-43182daed1aa","cont_HU_Info":"319e45de-74a4-40f9-9a17-ea0f64e95370","lbl_HU_Title":"16fbfadc-dba0-4ff3-a451-0992d921d937","ico_HU_Close":"3f402f5a-31c7-47b4-910f-ace3996db8cb","bt_HU_Close":"e0ddc2e2-5fff-4550-bf20-d017c5ea60ab","lbl_HU_Subtitle_1":"a30ccd54-eece-43ff-82a0-24faa2d368e9","lbl_HU_SN":"4ea92d74-2a0d-4189-b3d4-45447e26dc00","bt_HU_SN_value":"defceddc-ea8a-4cee-8461-0fc612c0c14b","lbl_HU_Model":"8043a4f3-9e8f-4877-ab85-7202edd677a4","bt_HU_Model_value":"13f0fc6b-bb63-43f6-a787-bdcf1ab424ca","lbl_HU_ONTstatus":"cdd15e24-3dfe-48b3-ab1f-a6a23d5f3569","bt_HU_ONTstatus_value":"ffa38fee-6871-4227-96db-570b41056c31","crcl_HU_ONTstatus":"48de5a2a-7bd9-4d8f-be9b-e55fbb2a19b5","lbl_HU_ONTonline":"7eefd387-a602-48b7-9e93-b4c15ec4bc85","bt_HU_ONTonline_value":"6f7c7c5a-567a-417e-83f4-9d3bdb127fc7","lbl_HU_ONTtype":"8afa2369-e3e4-4460-9da4-4ddc6c762400","bt_HU_ONTtype_value":"0d12122c-d164-447f-a310-f48f8aec8e73","lbl_HU_ONTsync":"1b1a7667-ec8c-4a13-a3c6-7b51110d042e","bt_HU_ONTsync_value":"7ddbf0fe-97a6-46f5-87b3-31a787e1751c","lbl_HU_ONTinstall":"182eea32-f6ce-4293-b889-f53cdd7ac31a","bt_HU_ONTinstall_value":"bda4c198-e669-4168-b034-213f0622311e","rec_HU_Div_1":"5ae29391-b190-4814-9018-ff122c25f0db","lbl_HU_Subtitle_2":"f53affce-0764-4e7d-b3a5-eede6ce35067","lbl_HU_ISP":"986a988f-b850-4f36-b906-359a5dacfecc","bt_HU_ISP_value":"6196001e-dcc0-44e4-84a7-1a1f7f9a5c82","lbl_HU_ISPcontractdate":"65f8f837-3842-42ff-b91a-853dd5ef2bea","bt_HU_ISPcontractdate_value":"8c18116e-d907-455d-8758-cce1d462cf0e","lbl_HU_ISPstatus":"3c4a9e5f-d08d-45be-bbda-9500cd0a8d79","bt_HU_ISPstatus_value":"ab4774f7-2837-4b89-8039-e342b6594c3d","lbl_HU_ISPcontact":"f3192032-96f8-4022-8b45-f390a289c79b","bt_HU_ISPcontact_value":"83fc8909-7894-457c-b512-ecb63e459c3e","rec_HU_Div_2":"c7d642d2-2e1f-4a5e-a257-6caab2f7c685","lbl_HU_Subtitle_3":"5f5a18aa-fcf1-4a5c-8ec8-a4e0ac53c8a1","lbl_HU_ConstCompany":"e8b1e469-38e6-4ac0-afc8-72d8d69996af","bt_HU_ConstCompany_value":"50325310-e6d5-43a8-9f14-0065349664fd","lbl_HU_Wave":"c2eae394-4573-4067-b848-a90aea381408","bt_HU_Wave_value":"7a3174d5-6cf1-4de6-9d22-266251de46d2","lbl_HU_ONTdate":"a15e0601-0ede-413d-ae7e-04dc5b1dc9cb","bt_HU_ONTdate_value":"52cabb09-9ccc-4bfb-b69d-d5a9d9f6acc8","lbl_HU_ConstructionStatus":"ba56c67d-fb64-44d5-8fa4-5a007f1b4b90","bt_HU_ConstructionStatus_value":"edd040f7-d6e3-47c9-9a2f-24e2d36ba954","cbox_HU_ConstructionStatus_value":"aefb02d1-af40-4daf-b982-b41a68242984","rec_HU_ConstructionStatus_value":"1ca570ea-a418-413e-8880-924996a2ebcd","bt_HU_ContacCC":"922fe42c-4efc-4e96-b3a7-205e5f1ac5a6","bt_HU_Sync":"6904b810-a76a-4a05-9be3-2a13ab69436b","Emails_History":"47e3314d-6acb-402a-bb47-f8a64dadd30b","gal_history_Mails":"cd9b7491-043b-4515-b21e-4484e27d6b30","galleryTemplate5_10":"bd92fdf3-aac9-4ff4-8488-850229f02e86","rec_gal_history_mail_div":"41c3edd5-3e78-4976-adc1-8b18e740365e","lbl_gal_history_mail_date":"4a1b9eda-a989-4f41-9f66-c52eb0e017ff","lbl_gal_history_mail_recipient":"f2e365d6-1ac5-44f6-a9f0-b898b2d43010","lbl_gal_history_mail_subject":"bde1e3eb-7058-4d44-8a5d-a95f92d32177","bt_gal_history_selectMail":"9540c8ef-e2ea-4622-bb37-18da4257dd75","cont_gal_history_mail_top":"2bd822b8-e677-4bb5-a7ea-d5b4edb102b5","lbl_gal_history_mail_top_date":"f6780576-ee46-402b-bb66-c491ed3e57a3","lbl_gal_history_mail_top_recipient":"4856c2f0-7ddf-476f-99cb-d44ff50e1786","lbl_gal_history_mail_top_subject":"661ffd42-5c76-41dc-b6ed-c9a778fed506","Screen3":"907e9a9b-5482-496a-9943-c6c8d89a5b5a","bt_loadCalendar":"e6258b9a-9e7b-4849-a259-dce947dec168","cont_week_calendar":"2589536f-9a06-4757-98b9-c3e2c4f436bb","lbl_day":"493f61c6-3d89-4598-81db-d17c963ee7e0","lbl_weekDay":"26810054-6397-4842-8656-4da3a60cfe4c","lbl_month":"ce45f890-1f9b-4194-a1c5-44ebd54d3f37","gal_week":"c8ca3502-ba08-457d-b35b-16195750e616","galleryTemplate2":"f66c6ec8-52f9-4287-8f1c-9902ab4aeb50","lbl_weekDays":"c1f534e8-0156-42c6-8561-5bac18ba31cd","lbl_week_shortDay":"0d571f6e-91fb-4cb6-b096-101a0f981e07","cont_month_calendar":"d8fe4f08-7545-46eb-ae48-8f6c09669eff","lbl_currentMonth":"6f312930-97eb-4bb1-a807-c36e4a99bb4c","gal_weekDays":"9a6fd54b-d72d-43df-b054-f89bcdb81b13","galleryTemplate3_1":"ce29cc2e-9748-484d-b387-037e7c2c5a37","lbl_dayInitial":"48e83901-766c-46a5-9e02-652862705c76","gal_days":"f7082b9b-55e9-443e-a7af-e7a8e4fab1d1","galleryTemplate3":"d787c84c-f71d-43c7-a2ea-ba51857293e4","lbl_dayNumber":"12b0b560-0b0d-466b-a8f2-b689af221cce","cont_progress_tracker":"0fa3c174-79f8-4470-96f7-a7a5561cdcbd","lbl_ProjectName":"6c93d2d7-ea12-4c61-b31f-542256951fc0","lbl_Description":"82a084f0-5de5-4ec7-aac2-95f1f753a9c1","cont_status":"322420d3-3fb4-4f66-bc69-6b6571672897","lbl_emptyStart":"ae1405b2-f737-4544-9c70-f54a50c16240","cir_statusActive":"5a9944b4-441a-4dbb-916b-ede0ac7df71a","lbl_statusActive":"a867198b-6f0b-4e7d-b7ad-789ef3b52559","cir_statusInactive":"b5f7b9a4-8249-451e-9e9d-8f46d2d77f82","lbl_statusInactive":"8276a858-9460-494b-b820-a6fea97062b5","lbl_emptyEnd":"f5aa8f9f-a739-4e7a-8355-1df06ba36f7a","img_progress":"c69d07f5-58f8-4529-b38d-3ce01b2eb151","lbl_progress":"c45d9d30-1c1c-46c0-bc68-9cd558cbf546","Container4":"4bac9bb6-27bb-423b-948a-33dd29b072da","Circle1_1":"3bd0fb18-6c02-42e5-9c4a-ff3ee9e7fbf0","Circle1_2":"06ccebd0-b466-4b8e-b9ed-0d14341d5ab2","Circle1":"e809dce6-e49c-4dc5-b5ba-7e8861a4885e","Circle1_3":"b1c5bd1e-c3e1-453d-8b7d-d23413925882","Circle1_4":"85ddf198-36ed-4535-8c48-78586654ff0c","Circle1_5":"e2e40bf3-01b6-442d-847c-07714fd23f59","Circle1_6":"912abafe-b5df-4a9b-aff6-e2ad972ead19","Circle1_7":"8147f84e-d6a5-4f8b-9907-7b8c9bf9b911","Circle1_8":"88f5f337-01dd-4d26-9503-5b4aca3a31ec","Slider1":"cbb3fbeb-ec75-48d4-9bcf-434a174b2609","Timer1":"b5aa5bef-7782-47ae-8784-45dbbdf57c76"}